Anatolian_Neolithic_Farmer,0.1179017,0.1800873,0.0034255,-0.1010589,0.0512402,-0.0479692,-0.0037992,-0.006846,0.0361667,0.0806776,0.0082614,0.0113088,-0.0241636,0.0005791,-0.0427122,-0.0103696,0.0225564,0.0013883,0.0136487,-0.0104478,-0.0142612,0.0056932,-0.0049042,-0.0037505,-0.0044357
Caucasus_Hunter-Gatherer,0.08992,0.103584,-0.088246,-0.004845,-0.089555,0.020359,0.023266,-0.001154,-0.130486,-0.080002,-0.007632,0.024878,-0.052626,0.007707,0.026465,-0.0297,0.027772,-0.010769,-0.023757,0.037518,0.030945,-0.006677,0.0053,-0.020846,0.001557
Zagros_Neolithic_Farmer,0.0421147,0.0667993,-0.1550383,0.0016150,-0.1217321,0.0223112,0.0140486,-0.0009743,-0.0802869,-0.0544482,-0.0022734,-0.0019649,0.0050710,-0.0074929,0.0307030,0.0559381,-0.0067801,0.0063627,0.0139943,-0.0338357,0.0073897,-0.0276846,-0.0096544,-0.0376896,0.0216212
Natufian_Hunter-Gatherer,0.0290250,0.1431895,-0.0313010,-0.1393755,0.0350835,-0.0793440,-0.0178610,-0.0193840,0.1136130,0.0055580,0.0300420,-0.0205320,0.0758910,-0.0004815,0.0117395,0.0079555,-0.0107565,-0.0008235,-0.0191690,0.0319525,0.0055525,-0.0003710,-0.0017255,-0.0013255,0.0058675
East_European_Hunter-Gatherer,0.1212215,0.0393518,0.1280323,0.2022798,-0.0093863,0.0569633,-0.0195648,-0.0263063,-0.0089480,-0.0842385,0.0179033,-0.0148368,0.0261273,-0.0449683,0.0224275,0.0209163,-0.0089640,0.0006020,-0.0051850,0.0153510,-0.0063638,0.0185480,0.0095518,-0.0199125,-0.0085920
West_European_Hunter-Gatherer,0.1263440,0.1127235,0.1947825,0.1918630,0.1592605,0.0599615,0.0163335,0.0398060,0.0968420,0.0170390,-0.0155895,-0.0165605,0.0204410,-0.0031655,0.0574780,0.0673555,0.0050850,0.0057645,-0.0089875,0.0594035,0.1087460,0.0114380,-0.0467725,-0.1717715,0.0191600
North_African_Neolithic_Farmer,-0.180979,0.092413,-0.019987,-0.089148,0.033237,-0.059125,-0.077318,0.019615,0.156256,-0.000364,0.022734,-0.028025,0.074628,-0.047205,0.072746,-0.0297,0.00352,-0.062964,-0.149204,0.04252,-0.043299,-0.118212,0.081467,-0.005904,0.027902
North_American_Hunter-Gatherer,0.053497,-0.335125,0.107857,0.075582,-0.107405,-0.020917,-0.192004,-0.233529,-0.004909,-0.019317,-0.006171,0.008393,0.003717,-0.007294,-0.006515,-0.008751,0.000782,0.007601,0.006285,0.006128,-0.000749,-0.005564,0.00986,0.00723,0.00491
South_American_Hunter-Gatherer,0.0466675,-0.2993272,0.1169075,0.1010185,-0.110559,-0.0197315,-0.2754912,-0.33264,-0.008539,-0.0202735,0.004831,0.001049,0.0015608,0.0182695,-0.0069898,0.0049392,0.005998,-0.0013302,0.004085,0.0041892,-0.0009045,0.008656,0.0010478,-0.0032232,-0.0020058
Melanesian,-0.042115,-0.227479,-0.232306,0.254525,0.180957,-0.410527,0,0.005538,-0.028633,-0.011663,-0.003248,0.005995,0.001041,-0.000826,-0.002307,-0.001326,-0.003781,-0.005954,-0.006788,0.005378,0.006613,-0.009274,0.001972,-0.001205,-0.008622
Australian:AUS_Willandra_Lakes_4000BP,-0.042115,-0.224432,-0.205154,0.215442,0.145566,-0.322398,-0.007285,0.014538,-0.000818,0.003098,-0.004872,-0.002248,0.004311,-0.001239,-0.008415,-0.000796,0.004694,-0.001774,-0.01169,-0.003377,0.003369,-0.006801,-0.000863,-0.001928,-0.00946
Australian:AUS_Barham_1600BP-1400BP,-0.039838,-0.22037,-0.19912,0.221579,0.1317165,-0.3186325,0.0003525,-0.0013845,-0.0054195,-0.001822,-0.0040595,0.0017985,-0.001561,-0.0052295,-0.005293,-0.000862,0.0031295,0.0039275,0.001257,0.0057525,0.0012475,0.001051,-0.0074565,-0.0037355,-0.003652
Southeast_Asian_Neolithic_Farmer,0.0017070,-0.3859015,-0.0642990,-0.0347225,0.1315630,0.0567540,0.0018800,-0.0110765,-0.0137030,-0.0149435,0.0696650,0.0016485,-0.0043855,0.0007570,0.0151330,-0.0048395,0.0006520,0.0000635,-0.0037085,0.0145070,-0.0027450,0.0061210,0.0024650,-0.0076520,0.0335300
Yellow_River_Neolithic_Farmer,0.0165045,-0.4505567,0.0088625,-0.0655690,0.0559077,0.0243100,0.0026242,0.0016153,-0.0102943,0.0058012,-0.0809508,-0.0106407,0.0113725,-0.0091062,-0.0091838,-0.0020330,0.0018905,0.0002958,-0.0036453,-0.0083372,0.0162422,0.0077285,0.0160633,-0.0001007,0.0055882
Baikal_Hunter-Gatherer,0.0310738,-0.415453,0.0950721,-0.0163438,-0.0859238,-0.0486106,0.005781,0.0099689,0.0147665,0.0117177,-0.0163687,-0.002368,0.0043856,-0.0069637,-0.0051711,-0.0032485,-0.0028033,0,0.0063352,0.0172208,-0.0159717,-0.0054531,-0.0160961,-0.0035425,0.0042151
Amur_River_Hunter-Gatherer,0.0208677,-0.448187,0.0687617,-0.0501727,-0.0409307,-0.0365343,0.0046217,0.0079997,0.0036133,0.0216863,-0.051802,-0.005745,0.0005453,0.0079823,-0.0090933,-0.0091047,-0.0044767,0.0074747,0.0177233,0.0116307,0.008277,-0.026462,-0.020459,-0.001968,-0.0133323
East_Siberian_Hunter-Gatherer,0.0330087,-0.4251683,0.1341293,-0.0063523,-0.1461813,-0.0743707,0.023971,0.0333063,0.0232473,0.004374,0.0686363,0.0036967,0.0013873,-0.0304143,-0.0302203,-0.0215237,0.0051283,0.0131333,0.024553,0.003335,0.032443,-0.030666,0.0060393,0.0074707,0.0146493
Jomon_Hunter-Gatherer,0.0043252,-0.343249,-0.0536268,0.0095608,0.0406846,0.0101514,0.0019742,-0.0019386,0.0215976,0.0173854,-0.0490736,-0.005605,0.006541,-0.0067708,-0.0210912,-0.0163086,0.00339,0.0105152,0.0046004,-0.008254,0.0686538,-0.0468642,0.0096874,0.0083142,-0.1002786
East_African_Pastoralist,-0.232199,0.1000295,-0.0379005,-0.083011,0.000308,-0.041973,-0.003995,-0.012346,0.121078,-0.0731675,-0.000893,-0.01079,0.010183,-0.001239,0.02443,-0.0142535,0.021383,0.0062075,-0.001571,0.003877,-0.003993,0.0063065,0.004129,0.000241,0.005987
Sub-Saharan_African:Bantu_Kenya,-0.600986,0.062455,0.014708,0.0117895,0.002,0.00753,-0.012338,0.0265375,0.0029655,-0.0244195,-0.0023545,0.013338,-0.0320365,0.003303,-0.0352875,0.025921,-0.015255,-0.0043705,-0.0152725,0.006003,0.00287,-0.0051315,-0.0030195,0.0003615,0.0022155
Sub-Saharan_African:Bantu_S.E.,-0.6293153,0.0637527,0.0201969,0.0178368,-0.0011624,0.0094514,0.0293503,-0.0129994,-0.0214296,0.0114607,0.0024178,-0.007793,-0.0111991,0.0022937,-0.009817,0.0063643,-0.0051864,0.0603178,-0.0249161,0.0034739,-0.0041872,-0.0009891,0.0023414,0.0010041,-0.0004392
Sub-Saharan_African:Bantu_S.W.,-0.6222873,0.0658643,0.018425,0.0160116,0.0006156,0.0075699,0.0014437,0.0089336,-0.0274354,0.0172863,0.0028534,-0.0046459,-0.0030369,0.001966,-0.0051573,0.004887,-0.0033901,0.0217903,-0.0106846,0.0037876,-0.0011764,0.0004591,0.0014964,0.0002411,-0.0005471
Sub-Saharan_African:Yoruba,-0.6300625,0.0625011,0.022113,0.0167079,0.0005035,0.0124741,-0.044417,0.0477673,-0.0488813,0.0327694,0.0046205,0.0007904,0.0230561,0.0009509,0.0125232,-0.0096067,0.0070763,0.0004491,0.006022,-0.00299,0.0015542,0.0023156,-0.0017592,-0.0004711,-0.0004246
Sub-Saharan_African:Khomani_San,-0.6220435,0.060424,0.02093,0.030039,-0.0004615,0.000837,0.236773,-0.1823,0.0185095,0.0067425,0.00203,-0.053952,-0.0211845,0.005505,0.018797,-0.0212805,0.029662,0.2623085,-0.0877375,0.001751,-0.0331915,-0.002844,0.0038205,-0.0050005,0.0016765
Sub-Saharan_African:Mbuti,-0.647426,0.0591038,0.0254932,0.0374034,-0.001108,0.0066378,0.3663348,-0.293434,0.0177118,0.02985,-0.0089316,0.2198242,0.1264506,0.0010182,0.010342,-0.0014052,0.0009386,-0.0518664,0.014229,0.003727,0.0061144,-0.0018548,-0.0043878,0.0025304,-0.0006944
Sub-Saharan_African:Ju_hoan_North,-0.616466,0.0601194,0.0211942,0.028424,0.0025852,-0.0038486,0.2541404,-0.199192,0.0240112,0.007909,0.0032478,-0.0723558,-0.0255104,0.00867,0.0283928,-0.0321662,0.0461558,0.4102178,-0.1364076,0.003877,-0.0556018,-0.0051686,0.0126206,-0.0044826,0.0028978
Sub-Saharan_African:Bakola,-0.6413935,0.060424,0.026587,0.0308465,0.001231,0.0041835,0.157692,-0.1221875,-0.015339,0.032256,0.0061705,-0.0892455,-0.02884,-0.0017205,0.0046825,-0.002917,0.0011085,0.0026605,0.0005025,0.0015635,-0.0008735,-0.003957,-0.001479,0.0012655,-0.0014365
Sub-Saharan_African:Bedzan,-0.641962,0.062963,0.0228155,0.0279395,0.002308,0.00753,0.1360715,-0.0992265,-0.0204525,0.03098,0.0064955,-0.081602,-0.0254955,-0.0052985,0.004411,-0.0037785,0.003325,-0.0019635,0.0019485,0.0020005,-0.0044295,-0.001669,-0.001356,-0.0016265,-0.0021555
Sub-Saharan_African:Baka,-0.640255,0.0629625,0.020553,0.030362,0.003385,0.0099005,0.153462,-0.117226,-0.0211685,0.0320735,0.0094995,-0.1138235,-0.0373135,-0.0008945,0.0021035,-0.0034475,0.003194,-0.022107,0.005594,-0.0015005,0.0019965,-0.000371,0.001171,0.0021685,-0.002814
Sub-Saharan_African:Biaka,-0.6421518,0.061947,0.0265242,0.0331075,0.0016925,0.0083207,0.1721062,-0.133879,-0.0224977,0.0394542,0.0159953,-0.1475687,-0.0481908,-0.002546,0.0038228,-0.003425,-0.0008908,-0.0296027,0.0102023,-0.0006047,0.0022878,-0.0014837,-0.0015818,0.001004,-0.0030935
Ancient_Ancestral_South_Indian:S_AASI_Sim:Hakkipikki,-0.017354205,-0.304894303,-0.268679085,0.181329575,-0.039351991,0.073271504,-0.022843875,0.037359828,0.187881353,0.126707043,-0.010024877,-0.004718921,0.008198494,0.036303194,-0.056184046,-0.072647447,-0.011352189,0.00825265,0.004209097,0.038425578,0.00661663,0.026988706,0.007609686,0.01678573,-0.009232161
Ancient_Ancestral_South_Indian:S_AASI_Sim:Mala,0.003619659,-0.232207345,-0.238759358,0.177803307,-0.049846413,0.074427442,-0.013528674,0.028614532,0.145189154,0.099856405,-0.009629229,-0.007501248,0.004294371,0.024294913,-0.044886968,-0.038569947,0.008810692,-0.004591174,-0.004761423,0.029743743,0.014289671,0.018672895,0.00018522,0.016546395,-0.013074696
Ancient_Ancestral_South_Indian:S_AASI_Sim:Pulliyar,-0.004810655,-0.212137156,-0.203515802,0.148876368,-0.031558109,0.053539852,-0.011510205,0.024112889,0.125139446,0.089041726,0.000713882,-0.003792554,-0.000836537,0.024717049,-0.049653257,-0.032409686,0.023256422,0.001963602,0.003977382,0.044586008,0.007150366,0.028673754,-0.011179757,0.016897181,-0.011729691
Ancient_Ancestral_South_Indian:S_AASI_Sim:Irula,-0.009525226,-0.239836772,-0.208951108,0.15454375,-0.020718969,0.056088654,-0.012872771,0.020823205,0.131311868,0.088651109,0.000283925,-0.001321365,0.001259261,0.018812454,-0.040159185,-0.037173939,0.01966007,-0.002000181,-0.002444666,0.043405215,0.009660745,0.021705468,-0.00888917,0.013704877,-0.009439234





Message
